name,value
hyptoknwm,20
无色小晶体,19
DNA,19
霜月紫,17
百合物语,16
7omato,15
紫小妖,15
丿八云紫丶,14
小黑不说话,13
此号换人,13
抵抗军炎魔,13
辽宁吴彦祖,13
YiYi198,13
hsxc1997,12
奶萝的仙女棒,12
ー世繁华〃,12
虾米与螃蟹的战斗,12
水音,12
56547120,11
Alietz,11
云中龛,11
迷梦绮罗,11
Scarlet丶QAQ,11
ad1092315,11
tr1986929,11
我是来打碟的,11
壹原囿子,11
任永似3,10
姬丝丶,10
相见欢。,10
汝妻吾养之,10
q623959830,10
晓、FFO,10
叛逆の鲁鲁修,10
1016486728,10
茶会°,10
林被还能拱虾米,9
514225277,9
鹰仓杏璃シ,9
是一只鸡,9
这瓜超甜,9
沉默是金吃瓜就好,9
LeonNova,9
一ノ瀬千鶴,9
zet123,9
leiyang2o1o,9
鱼掌君,9
插秧咸鱼°,8
卡卡西蛇蛇,8
神户小鸟·,8
qusr_1559803036,8
南斗骨头肯,8
唯·,8
xwkissyou,8
天涯刀,8
DXrabbit,8
临渊白墨,8
zzzztttt,8
玛利耶,8
s996017009,8
流年丶似水月,8
lolita1,8
孙哥我还是看不透生死,8
inTa,8
Fatina,8
搞搞野））,8
全是占用？,8
呵呵05_20,7
sixsisix,7
Adun,7
Superglacial,7
Kathleens,7
六道渡心,7
狱血狂刀,7
许愿星辰护肩,7
小仓朝濑,7
910394220,7
soon乘风西去,7
给特别的你,7
比奇boy,7
结成明日,7
你看你看你看,7
奎木狼,7
萘乙芴,7
zz2720585,7
生气伤和气,7
80W杠精总教头,7
A胖胖胖胖,6
肃清の刃,6
清里菜々子,6
麦克,6
feixue502,6
塔利班,6
mlwwy4,6
恩赐、解脱,6
火舞风神,6
2933886,6
3614166,6
面面面,6
姗姗来吃,6
lisliz,6
秋山紘,6
千手火山,6
夜灬太美,6
说着说着就飙车,6
酢排骨,6
泽芝水华,6
12546387,6
清末,6
dnf佐手,6
kl36ly,6
Mr.Sunday,6
二次元丶白,6
q23134216,6
沉海心,6
巴斯克·欧姆,6
血色喷子叼霸天,6
519573140,6
阴阳人烂屁眼,6
mainline,6
ykn1997,6
无糖维C,6
混、子,6
qusr_1558946300,6
永远永远你,6
diedd,6
xzf5179,6
冰河陨雪拳套,5
唯哥,5
援交素,5
黄黄黄Sir,5
浪子不知归,5
冷殇无情,5
澎湃S2,5
丶最后之作,5
碧落人间作黄泉,5
贴⑩,5
狂↗苏凉风ぅ,5
梦醒时分＊,5
瓜农,5
张莹阿姨洗铁路,5
星野硕,5
一只大凉鯮,5
cり月美琪,5
赫萝の哒几几,5
鹿目まどか,5
我去被塞抹布了,5
295CZK,5
凌晨的四点,5
menatplay00,5
瘋不覚,5
真滴牛啤,5
没钱玩个姬吧,5
秋kui,5
豆芽拌豆芽,5
膜法少女BB酱,5
雾在等风来,5
无喜无悲,5
时雨苍燕流,5
sion_,5
皒、尛虩ミ,5
Balabar,5
橙予zk,5
碎霜、,5
imbalxg,5
陶泥猴戏,5
风萧萧啊兮,5
X21妖星,5
真萌道学者,5
wyhao666,5
日尧,5
mumumuyang,5
次月colike,5
我是机智的少年,5
我支持加倍,5
vmxdpsp,5
密宗时轮,5
Silver_Solitude,5
月下影寒,5
讴歌酱,5
霖之助与相机,5
小叶哥,5
小语凉,5
登哥到来,5
啦啦啦啦啦啦啦啦啦啦啦,5
o0善若水0o,5
我说算了吧,5
pdm133,5
天下足球,5
少來欧巴,5
亚克多罗斯,5
名剑kk,4
小岗村民,4
狂奔的风焰,4
熊大熊二跟我走,4
露露缇雅泽金,4
嘤嘤祈,4
梦里他乡,4
aaa25181,4
jige,4
姐就是王菲,4
knight10001,4
yu15620745219,4
咸鱼鯮~,4
777777酱,4
我不流行,4
正体不明z,4
小生犯贱,4
僭越丶,4
好大一只羊驼,4
一嘢盅死你,4
jinzhishiyong,4
colger684459,4
吴阿牛,4
ViCtoRy丶Rem,4
xiaocaomei1hao,4
vernon1087,4
地心少女芙蕾雅,4
我fo了,4
一條大蟒蛇,4
养猪不打团,4
柠檬红茶挺香,4
　　桜,4
年华不染丶,4
一只魔道,4
[am27],4
zf13752139650,4
Cute毛毛熊,4
aa60180727666,4
稳哥,4
仴仴,4
414353265,4
a199615702,4
【宿命】,4
manyu,4
我来看图的,4
晨栖微光,4
砂塵の彼方,4
Ks刷子,4
喵喵不好吃的,4
蔡徐坤,4
Ajaran,4
隔壁の猫兒,4
风卷残荷！,4
DeathMiKu,4
划水の咸鱼,4
kuitacttey,4
狐狸娘,4
蓝拳盛世000,4
a1286314903,4
叶小白,4
赫然在心,4
夜雨流风k,4
15308561324,4
米米米米米波,4
z5821641,4
克里米亚,4
狗管理管理狗,4
菲利斯薇尔,4
神木村村长,4
S·B·R,4
Mostor,4
uyoku0604,4
对你说的对,4
成昆,4
a120001,4
"御姐""玫瑰°",4
玖玖奈,4
zzx303019,4
来一发小伙子,4
泉七海,4
无聊的路人,4
xiarunze5,4
DestoryJHIN,4
梦咲枫,4
pertrd,4
qq3636226,4
空昼,4
肥猫池塘,3
805346994,3
Matrix·Robin,3
枫尘笑丶,3
新.文字狱现场,3
虹影,3
╰微笑、狠累Ing,3
群公告,3
BadBlood,3
蓄力驱,3
qusr_1558993444,3
克鲁鲁·采佩西,3
色色,3
wuyu112233,3
x12345ting,3
00Silence,3
chabyss,3
shiningseed,3
大表妹啊,3
我不是下水道666,3
源滋缘罪,3
233momory,3
悟心之魔,3
羽衣,3
喵帕斯小盖,3
为你所写的故事,3
CA35135,3
行罪者,3
瞳孔映温柔,3
q32884737,3
绵月_依姬,3
星辰为我闪耀,3
徐培元,3
三军夺帅,3
浅夏止熙3,3
CaptainMmm,3
一片花海,3
结缘少女集结神,3
中国银行家,3
hetaogundam,3
1519684621122,3
aisd8,3
五飞,3
bare521,3
土狼推土机,3
东三小法驱,3
孤青,3
老放克,3
YU58946,3
那没事了都禁言,3
slifer2358,3
夏秋叶,3
hzt323hzt,3
亻禺bú忄白,3
花开花落丶,3
娜娜娜娜娜,3
luo605281561,3
巴黎的塔,3
cotv008,3
暗月魔星,3
15655222397,3
xiaoyuatok,3
yeswaterB,3
夸7鬼泣,3
x抓头,3
sylovelv,3
卖萌的包子,3
庚辰月庚辰日,3
xianyuanjinhao,3
林宥嘉.,3
忄漫灬游,3
斯年,3
莉露兜,3
xxxxxholic,3
qusr_1559610202,3
铭丿玥丶,3
冲冲冲！艾肯侠,3
渔人码头丶,3
江尘,3
mrhs,3
凤凰绝炎,3
lrask,3
sakula~,3
葱葱葱葱葱葱,3
赤尸、,3
盖colg亚,3
zzz不觉,3
weizheng777,3
咪咪嘛咪哄,3
晚枫吹啊吹,3
okijqq,3
Cameronmonaghan,3
  lovely祈,3
1213217164,3
艾利娅斯,3
脱脂奶粉,3
Ishidioda,3
莉莎丶,3
鷄哥,3
zxfengling,3
澄海卖油条的,3
洒家很严肃,3
wujiuqier,3
小西是个大宝,3
洛水千尺,3
天气病患者,3
a86552541,3
倒退一步两步,3
飞鸟的悲伤,3
kiu006,3
kyc,3
这么过分一定要发Colg,3
琉璃并天,3
SFSDAFSSDFS,3
DESKAMISA,3
万物终结者,3
尘世丿,3
1638073511,3
Auass丶残云,3
　　她　心　,3
丶璐小仙,3
锟铻刀,3
MADOKAジ,3
shuchang2,3
小⑦不说话,3
Ro♂wen,3
卧榻听雨眠,3
萌叔叔的小说,3
小舞之°,3
lcyNB1,3
皮皮玥,3
012345654321,3
yutoubuchiyu,3
胡123321123,3
我的号又被封了,3
益达、,3
鄙人于,3
黑骑埋葬,3
诺蔓蒂克,3
豆豆柴胡,3
顾北海,3
小豆梓つ,3
勤劳的小瓢虫,3
君有咖啡我有茶,3
我永远喜欢风林火山,3
10025201,3
1030032651,3
ll20181126,3
qw2qw25218695,3
0超一线0,3
寒银飘飘飘,3
changeforyou,3
广志心里只有美冴,3
早人,3
shinwaooo,2
仁蔡,2
不要哇~,2
Crazy丶小柒,2
/ 泷泽萝拉,2
黑猫吃甜鱼,2
actut,2
腾讯游戏爱好者,2
诗音永恒,2
柠檬花茶,2
fhlxcz,2
adjk,2
张楚岚,2
我就是来卖萌的,2
旋转风铃,2
黑猫の喵,2
天元,2
白金波比侠,2
遥远的距离z,2
九重宫阙,2
hanamiji,2
76043885,2
cothurpoe,2
黑色欺诈师,2
封老子号,2
暴躁的兔兔,2
ling7xin,2
鏡音リン~★,2
aimer3344,2
坐看风起云涌,2
z55046,2
叶子c,2
846296695,2
Broli1,2
gmm1013,2
只是打酱油,2
北海与猫,2
磕转131,2
斯巴拉巴拉,2
ycz2010,2
Yifeia,2
百世孤城,2
黑莓大人董华丹,2
zx932978,2
早坂灯里,2
gnailuxnc,2
徐轲的爸爸,2
光之美少女,2
E_N,2
sdozyq140,2
阿薩,2
jsk9647,2
西海岸的创造者,2
　﹏Ｓusanミ,2
常盤松,2
艾__扶伊,2
tef,2
jzx999228,2
whitenorth,2
wooden2001,2
提着鸡笼来抓基,2
鲱鱼罐头.,2
风居住的街道,2
zero凌,2
淘气叔叔,2
Anothersss,2
流年挚友,2
一个1.4825奶妈,2
hxy13721655,2
Odyseeus_Arky,2
123joy,2
rukino,2
Yeonbin,2
1026465149,2
我爱嚼益达,2
圣光与光棍ˉ,2
小海同学,2
1265045734,2
flowerpower,2
yond2004,2
a64412195,2
mascheta,2
tinkledong,2
瞎子天下NO.1,2
露露的COLG账号,2
公瑾.,2
Silence,2
NCO丶,2
Frostmist,2
kuradliuyun,2
氪不改命，玄可救非,2
法规,2
蜀道难方便,2
haohn3218284,2
cdz,2
Multilator,2
沃特有你的师妹,2
xsyneco,2
sdfdasfasd,2
Crazy冷儿,2
12钻石乘以兔,2
我是小灰,2
血之狂暴30,2
Mr_Knowall,2
噩梦杀神,2
Summ3r,2
houlei188,2
悠哉日常大王,2
云中夙愿,2
麦书伟,2
极度不拽,2
010,2
wangwanbin1990,2
天天菊花茶,2
云水军,2
a771790082,2
吾心澄明,2
274493349,2
DAWNCC,2
從零開始,2
大肝西去,2
布小布0,2
m_pb,2
-苍篱丶,2
一条新鲜的鱼,2
sarasara,2
spkzhifu,2
花落の无痕,2
feiyuheihei,2
18826235268,2
11141,2
金龙鱼洗衣液,2
花里蕙,2
绚丽辉煌,2
麦当、,2
捞得一,2
深藏不露,2
专业洗地,2
诺丶依,2
尐孒卟帥,2
SRCPJ,2
泉戶真白,2
舞清浓墨落孤别,2
暗鸦,2
霸笔aini,2
徽梦,2
我爱春日,2
怜惜丶,2
shuidibingchuan,2
晓美㷔,2
kingrugal,2
Kra'to's,2
唐F,2
东瓜jun,2
baro,2
duowanzlw,2
麥麥麥,2
暗天波动嘤,2
很有爱,2
rbqg0203,2
Dantalian,2
HoKun,2
woshidisidd,2
灰分的花花,2
之江新语,2
晴れ晴れ愉快,2
damncat,2
zdhn19941122,2
血染江山的画,2
灰色碎片,2
散落飘零,2
伦科思,2
菊花一如大,2
华丽的武士刀,2
闇の王ヴラート,2
漩律哥哥来了,2
净化心灵,2
895969185,2
暴走的西米粒,2
樱华月,2
厉害狗,2
帅气De沉默丶,2
可乐火腿鸡翅,2
落梦-|无萱,2
温酒.,2
不可描述的意义,2
海阔还是天空,2
·九重宫阙,2
1152510556,2
时空之圣痕,2
杠精,2
唯美的张扬,2
忘川Jade,2
白ヅ刃雪,2
1111231232123,2
囧囧和嘿嘿,2
橘真琴,2
tam1990,2
xzl520,2
uiolyuol,2
楼主是傻逼,2
Moelife,2
zhangjl3214,2
fffyyyhhh,2
撒鼻息,2
stormcauser,2
Ayakito,2
イリヤカナ,2
u2shana,2
呐誰丶莫诺,2
ㄨ云淡风轻〃,2
岚沐,2
vs888168,2
syf2003,2
进击的小奏,2
V587纯爷们,2
遗忘之剑泣,2
肉食主义,2
419995444,2
深渊穷三代,2
钱程真滴可爱,2
自称天帝的瞎子,2
Period、,2
噗噗噗plum,2
炎441494534,2
10086110011,2
LiLyLiu,2
华辰,2
天界人,2
明年今朝,2
夜色灬丷,2
bttbbt,2
traihard,2
qq911156660,2
留意冬,2
kissrain,2
诩_文和,2
351906694,2
4545661,2
biboyang,2
零末终焉,2
神丶無,2
艾尔丁纪念馆,2
前田慶次,2
EternalTheia,2
10权限才能看,2
给大佬递茶下毒,2
淫政　,2
fbj,2
love尛思,2
qw1272535598,2
最爱NZ,2
是鱼鱼鱼阿,2
逆妹空鸦,2
1014146857,2
白小希,2
rurua丶,2
中华和谐流,2
mshd35111,2
生人勿近000,2
清末文人,2
sgsg,2
Ll19890617,2
mao515769223,2
照世明灯,2
大眼瞪小眼,2
Engrave_,2
橙chen,2
朽绳先生,2
夜色迷惘02,2
薇奈特阿,2
chinawolf530,2
leowhen,2
神盾局寇森,2
永井圭,2
还真是高端,2
渡边梨加,2
謎樣,2
单行道,2
小夜猫,2
世界第一の风景,2
Eioli,2
熊猫吸红茶会死,2
446003667,2
EFC631,2
记忆！,2
让您贱笑了,2
落单幸福,2
呱唧囧呱唧,2
异人亦人,2
遥远不是gay,2
wudizhu110,2
恍惚水如蓝,2
鬼灯,2
老衲吃饼干,2
虐血,2
丶梦微凉,2
℡_OP,2
发胶手Vergil,2
紫黑,2
不夏萌萌哒,2
瓦酷呐乌拉拉,2
爱快乐的沫,2
qusr_1556646268,2
一瞬间映,2
楪祈·,2
imikava,2
柠檬白的,2
kvkv,2
果断就会败北,2
10年萌新,2
877265188a,2
奇怪的路人甲,2
骑着乌龟偷电线,2
木头脸,2
神神忉忉,2
汤姆。,2
YANTAO14CS,2
叶小夜丶,2
Break弑魂、,2
巴赫猜不猜,2
qlovecoco1314,2
法儒。君奉天,2
和尚猪,2
女大枪无敌,2
花花花花华,2
＂☆﹎浅笑°,2
埋葬乐园,2
qusr_1559393565,2
沃特比之王,2
穷B一个,2
我的你的他的,2
1g7er84g8er4g8,2
程半山,2
viours,2
0无邪0,2
shownee,2
zdc310228,2
密林的表哥,2
TITNT,2
nikonilo2,2
tshetianlang,2
无口的某宅,2
听说这都很会玩,2
灵魂v乐章,2
完美细节直男癌,2
ALEXKINGSAR,2
一起哈皮,2
笨小子,2
奋起的fox君,2
toyl,2
Ryoma,2
誓言、破,2
小便堵马桶,2
乖乖混,2
幻想風靡,2
高级货,2
356555044,2
是我的海,2
Sin_30°的爱,2
流星划过家门,2
千鬼杀,2
228217173,2
nanuolanka,2
正义的橡皮人,2
布鞥沙卡拉卡,2
梦的见解,2
時津風,2
朦朦朦朦朦,2
子安贺人,2
season0o,2
qq2813798515,2
丶冰镇奶茶,2
桜华缭乱,2
q915591168,2
颠沛V流离,2
FacelessVoid,2
Asura灬夕玦°,2
likess,2
観測者零号,2
君已千殇,2
登哥到此,2
pupaaaaaa,2
zincumk,2
天真sama,2
匿了,2
liyinimei,2
今日如往昔,2
野蛮的猫,2
恋的小号,2
彼岸的徘徊,2
迷城999999,2
wek,2
虞美人,2
sundytime,2
愚人节的玩笑,2
asyjoon,2
shary321,2
kakashi0304,2
云鸢,2
言Fei,2
无尽征途,2
13515102158,2
dislikeit,2
胜利的缠绕,1
强大的BTB,1
ゆめこ,1
四喜丸子丷,1
恶性循环,1
40℃的水,1
Kay123321,1
那个谁谁,1
小落樱,1
raha,1
唯有南风旧相识,1
hd7170042re,1
Shiva.艾,1
爱吃团子的猫,1
zzx026,1
qusr_1559355687,1
浅の灰蓝,1
芜城风君子,1
千度火神,1
流年恍若梦丶,1
Mr.Harold,1
chris,1
viki思密达,1
sl980513,1
艾尔托利亚,1
豆芽ban豆芽,1
失眠嘿嘿,1
我吃小苹果77,1
mgtom,1
诗音,1
弱逼喵,1
草泥马煞笔,1
meiic,1
沉默的西风,1
MosAic,1
a1105784723,1
凝淵,1
kavmil,1
黑夜騎士,1
我系kenny,1
chenzenglan,1
Yamzaki0.1,1
asheeen,1
COLG运营小妹,1
安知ペ,1
狗熊MK2,1
typemako,1
跨3A渡仔,1
24ID-018,1
玻尔兹曼常量,1
你爹在这,1
吹浪,1
呀儿呦,1
道友の请留步,1
colg的Dnfer,1
茄天王,1
sdsadads,1
星雨日和,1
qazwazx123,1
一丢丢的,1
x305065076,1
揍敌客sk,1
雷万,1
ybyb0423,1
5779814,1
suky1127,1
人生如戏__全看,1
ld8183,1
发仔被暗恋了,1
猥琐的桃之助,1
weejay001,1
我是雷神托尔,1
小乖圣涵,1
Lovedoris,1
zhiximiaomiao,1
as2339220172,1
想不起来了1994,1
风满长空,1
一个Weirdo,1
卡了特路,1
影密卫,1
a426209400,1
a987563574,1
来看看而已啊,1
Khinoin,1
奇迹达拉斯,1
归尘大校,1
郁闷中的鸡蛋,1
opдi,1
凡尘梦,1
orninond142,1
ct001237,1
RICgin,1
一天就看见,1
Archer丶绝望,1
玄、天,1
benji,1
繁星i,1
大宝哥,1
君尋,1
Rose我心永恒,1
滑雪的老熊,1
ganxin2012,1
as1345988351,1
饭饭饭,1
豆豆有糖,1
救赎的祭司,1
晴天的小暴君,1
风中的勇士,1
头目,1
eternity0018,1
houjunteng00,1
514074821,1
李十八〃,1
stand.up,1
上崎裏沙,1
Essex,1
呷茶赏花,1
跨六狗希尔,1
恋研,1
坎坷年。,1
jiooiiojoiio,1
辉ぃ月,1
鄙視面包,1
隔岸观雨,1
夜唱昼歌,1
   轻别离_,1
熬夜的喵,1
犹豫就会败北,1
丁叮叮当,1
黑妹没大咪咪啊,1
qq1037352853,1
tiqiehuilinai,1
暮の城,1
USBBBBBBB,1
2649545456,1
wx200802866,1
立青儿,1
mikeconan,1
PQAQP,1
国米10000,1
qq1072217588,1
一页书丶龍,1
在下头很硬@,1
墙头草草草,1
情怀玩家,1
林夕是个梦,1
愤怒の大鸡头,1
a139520017,1
本乡,1
防空洞0800号,1
CC丶果冻,1
FEIFAN666,1
我欲与君相知℡,1
套你猴子0813,1
去你妹啊,1
四月的夜,1
爷、C位出殡,1
@提不起劲,1
阿里吉吉,1
伤心小狼,1
trumangary,1
夜落无殇,1
青风长歌,1
wanquanm,1
雪原之峰,1
阿白123,1
喵的酸草莓,1
415415541,1
Su3henZz,1
zz93777,1
xyq565861,1
Usaki,1
MaDancer,1
lioyuke,1
Mr小萌,1
伊格莉雅,1
21丶金维他,1
吊大,1
hereice,1
Luv,1
欧阳南雪,1
渡边謙一、,1
death119,1
yhc112233,1
垂死彩蝶,1
水声冰下咽,1
丶天雨雪,1
_lesbian,1
acio,1
不给力1121,1
ROCKMANZERO,1
Puerile,1
naaaaate,1
小酥牙,1
angela1314,1
肖敨铭,1
dantel,1
菜丸子,1
usheraldl,1
LLC-1,1
latios0503,1
alskjcfhsdo,1
踏雪追风,1
hani9x,1
洛炎,1
子夜96,1
张小书,1
最是无邪,1
Akira_Z_Fang,1
这是寂寞,1
平遥之世,1
201521,1
809047128,1
雨中听蝉,1
默﹏°小成″,1
nnagou,1
Wallander,1
好想被西啊,1
zc1159067548,1
圣洁努,1
Maxup,1
礼物君,1
My爱喝西瓜汁,1
1346471536,1
深红儿童,1
f8f9f0f6,1
qdyj,1
喜欢唱_跳_RAP,1
柔柔柔柔柔,1
gg838,1
key沙漏,1
"抱歉,有钱是真的能为所欲为的",1
tangxianff,1
hmy84621,1
Lyan烧鸡,1
仁科理惠,1
宣传个PBUG,1
沃特碧专用通道,1
阿木i7,1
夜雪楼,1
449263320,1
三叶草艾斯特,1
心上刃,1
不想努力的咸鱼,1
icedx,1
jumpintothepool,1
第二把无影剑,1
ovEr、,1
瑞乾乾,1
剑帝是真滴垃圾,1
逆时的针,1
刘奕的猫i,1
黑暗君主天1,1
寒枝cc,1
AAAAPEI,1
黑色冰晶,1
ld898299320,1
mib3300,1
疯兽兽,1
不恋何以初,1
卟禃淂ず愛べ,1
选择援素就是未来,1
桑落追梦,1
輕聲鋯訴袮,1
Relive,1
努力一定会成功,1
＇三月的谎言,1
正在输入°,1
鹧鸪哨,1
四重存在,1
306587937,1
殇歆颉桀,1
bigifft,1
卯花之佐久夜姫,1
锋哥哥,1
幸运的大叔豪,1
haikzz,1
lm4300632,1
翰熊的格雷,1
那年8月,1
一只基佬,1
万里不留行,1
aa6907552,1
PandaDI,1
rainalice,1
WBrcny,1
a1462825887,1
2459285593,1
欧皇红,1
、E尐刀,1
黄瓜在哪里,1
流醉流年,1
一毛都不冲,1
LJ睿智瞎,1
harwee,1
sd899229,1
xing5xs,1
惠普笔记本,1
Carole,1
Inspiron,1
575067404,1
繁星若梦,1
式子,1
k969324,1
COLGBICH,1
狗刺猬吃屎,1
玖泽,1
Nekouu,1
幽幽球,1
小九啦,1
﹏_Emotiona°,1
热心市民大山猛,1
cw429221400,1
非洲边缘的银月,1
史派克滚出DNF,1
铁血统帅,1
qusr_1557394231,1
萨旦妮娅,1
aqa20030001,1
皮很痒的大白,1
茶凉尐,1
晓美の焰,1
背后五把剑v1,1
dcasdada,1
c529866130,1
hy-腿毛,1
毛利小五郎丶,1
玩脱,1
m380422719,1
578356799,1
c2316179861,1
似水流年up,1
184875074,1
ca310轰炸,1
究极大机霸008,1
wo如,1
逢坂大河丶,1
今晚吃蛋炒饭,1
唐家ㄆ三少,1
雪拉,1
就用这名字,1
ignore_me,1
Johj,1
li3220,1
szx5929965,1
4012989,1
柒月与四月,1
最爱江月初照人,1
.棋子,1
FFF_ShenKami,1
克劳格,1
hongyilin1989,1
梦醉星河,1
Gwynbleidd,1
maxdong,1
一头神器,1
羁傲zzz,1
风、语者,1
风城飞将,1
不要看我的头像,1
剑帝の魂,1
1256887618,1
Melanice,1
10.18再战十年,1
Karia,1
honeylau,1
Alcy、轻妆,1
乱挤,1
Atelier,1
晕的喽,1
ewewewwew,1
adwkadw,1
友利奈緒,1
纷纷扰扰的世界,1
你别说话啊,1
醉爱小黄车,1
18017305547,1
战斗猫,1
愿你可,1
samhon56,1
流浪的小鱼,1
hhh982081370,1
xvxinan,1
百艳疏影,1
软绵绵的白熊君,1
花叶葳蕤,1
So、begin,1
圣炎,1
仇闪大法好,1
塔子听狗,1
插地奶,1
凡赫辛·雷尔,1
mcx0539,1
Azure_Violin,1
我是十年,1
merxxttao,1
凄美CCC,1
刘秀的秀,1
北风飒飒,1
年轻人douyutvqz,1
爬点点,1
正义の铁锤,1
Raitel,1
寂寞如雪的六月,1
斋藤飞鸟,1
暖色痛苦,1
你妹大转移,1
Alicext,1
woteb大刀,1
2826385079,1
绝非独特,1
fuchou555,1
幻日神,1
你抱孩子先走,1
x080110228,1
　多喝热水,1
力法大丫鬟。,1
离心离德,1
恭平,1
风の漫游,1
nana173,1
沃特少年,1
知乎水军,1
吃我咸鱼突刺,1
xiaoheiwu0408,1
阿牛阿牛丶丶,1
青い髪のレム,1
花花男人,1
爱丽丝萌萌哒,1
Glory丨君莫笑,1
colg-小欸,1
凰舞萋,1
天阙丶,1
慎言慎言,1
江西砍王,1
豆萝天下第一,1
人帅遭天妒,1
遗忘那么长丶,1
吾乃骑鲸乐浪人,1
布洛妮娅,1
果酱酱,1
Liberst,1
小哀殿下,1
SamBlack,1
a457850329,1
晚风告急,1
安逸中的无聊,1
很憔悴,1
从白而终,1
专看dnf的号,1
坏未来,1
zhongguoxxc,1
乱世,1
fellkula,1
渐酒空金榼,1
月上川枫,1
Somery,1
dasdsssd,1
q975360662,1
激萌的柠檬,1
cool7984149,1
wangzz15,1
没看过的未来,1
xuyulong,1
大胃王丶,1
喵喵晨,1
上海巨头的RBQ,1
impontont,1
windoshicw,1
acr0015,1
Holloiwecho,1
很正,1
窜天猴s,1
zb332044576,1
大大DE坏蛋,1
endlesszhou,1
fgfgfdfds,1
沃特碧开福磊,1
人类。,1
搞事情搞事情,1
1969044767,1
小手冰凉jpg,1
咸鱼啊变身,1
信土土,1
COLG用心小队,1
Hannah丶守护,1
黑光大人,1
qyc808,1
阮叶清音,1
coldsin,1
yangyudiyiyy,1
林鹿,1
tybb5354,1
LoveNXX,1
丶天佑,1
冲田小姐大胜利,1
半指烟灰,1
啊盛大速度撒123,1
Colgeter,1
Evans丶,1
游戏De王GX,1
BOB呆呆,1
的法伤公司电话,1
管他叫什么,1
冰河洗剑,1
淡淡红茶,1
未来策划聚集地,1
1532558786,1
花华桦,1
水强剑神,1
wzc28868124,1
魔法少女QB,1
次元月之女神,1
酱香土豆,1
入世毒药,1
疾风小维,1
AxaIA,1
eniedr,1
lhzaiccp1,1
做①棵树,1
泣影血手,1
梦过依无意,1
chenbily,1
gw5188,1
若安歌,1
林炫彪kurumi,1
dfgt678,1
千度0202,1
古桥文艿,1
Jack_C,1
诗意丶诗意丶,1
吃茶喝酒,1
℡哟、,1
超无超有超奥道,1
afafads,1
sdorange,1
天国的小海君,1
qusr_1558789197,1
霞霞,1
我只喷狗,1
superrave999,1
小呀么小酱油,1
舒爽星系总裁ERO君,1
lyy1423,1
nibiefan,1
凍腦,1
lrhasd0000,1
amiligo,1
xiaott,1
炫纹冰清,1
炒鸡大柚子,1
战神晶晶,1
yy15777712,1
lsz5171789,1
895326164,1
啃着地瓜数星星,1
以利亚,1
射命丸文〃,1
黑夜的潜伏者,1
眼镜,1
汤姆°,1
小小天下,1
萧萧的血雨,1
dead271946164,1
a8161133,1
乘风云曦,1
诺艾尔,1
零のShana,1
1289208469,1
maoziquan,1
MKKKK,1
nck4488,1
瘋子丶,1
hexideyueqing,1
huwenhao,1
打水竹篮,1
drean123,1
FrankAffleck,1
bobo604977273,1
痕雨,1
jck9344,1
elysions,1
我也不止到啊,1
bgqnmlgb001,1
huzhefeng,1
浅色寂语,1
纱幕情,1
《天上天下》,1
彼岸的彼岸,1
一个小鬼泣,1
喜欢花的海,1
lilixin6666,1
Jane·茱丽叶,1
阿乐King,1
观花,1
陌路微凉,1
2551616,1
Hatter,1
咸鱼怎么做好吃,1
4K丶Grubby,1
tang0120,1
何仔,1
真心不懂,1
炫千影,1
jj56052831,1
我假装看风景,1
翱翔天壤之人,1
小向.,1
爱恨如梦,1
we2121,1
yujiekong168,1
花轮同学”,1
黎明前的拥抱,1
黛妆化锦颜,1
乱红弦,1
杨浩男,1
土星の弱音,1
凡尘风流,1
发霉的饼干,1
fzztornado,1
QWER威锋网,1
卿歌,1
霜月一十八,1
omegazero,1
csl496496,1
嘉妍小可爱,1
我要睡觉,1
Ts丶淑女,1
寸心,1
我是来吐槽的啊,1
不停、,1
Angry_Demon,1
Little_traveler,1
a1078820847,1
岳母的床边故事,1
阿尔菲诺·莱韦耶勒尔,1
0猎鹰0,1
天下谁人不识君,1
176856809,1
洛夜星辰,1
宠物升级卷,1
你的小可爱呀,1
ysldzsy,1
呵呵顶顶顶顶,1
没有余力蓝拳兄,1
一小时阳光,1
飞人·23,1
夏弥浅静,1
没时间后悔,1
性感XZ在线卖盆,1
小磊2133,1
☆颖★,1
FUUUUUUUCK,1
〃刚毛求虐,1
感受正義,1
shuaya,1
沐沐沐沐雨,1
apqqwang,1
卢卡莫德里奇,1
霓裳吻墨弄清影,1
q212,1
西瓜°,1
809983098,1
露卡酱,1
青衣丶,1
洛洛洛珂玛,1
15329862529,1
灰灰加油哟,1
GiNFulL,1
mxbhw555,1
Yoohooo,1
我想静文蔡,1
か荒城旧梦〃,1
840097669,1
冷月言ZZ,1
邪叛,1
076900404733,1
Syake,1
洛洛落了,1
冥罩罩,1
星熊勇儀,1
wss891,1
a799023054,1
刘x元帝,1
derekzw1985,1
caca7566839,1
冷静隐退,1
arqalm,1
祖罗祖班纳,1
shenyu123,1
ulidiotsjitdsf,1
醉残月,1
猥琐狗熊君,1
行为艺术,1
Ayati,1
更木、剣八,1
jiejieshi,1
t1447114,1
王哥哥哥哥,1
晚枫的轨迹,1
WZYu017,1
星月トラジ,1
林江仙,1
君情惜流转,1
走开按错了,1
小憩,1
shuiyue,1
时不我待666,1
DR.zxy,1
xxxy1115,1
LChang,1
juejue0940,1
woaiswqs,1
xjg,1
尹某人,1
虚空亡念之白,1
我有12无影,1
大冬瓜，系我！,1
可爱の西片太太,1
曾哥的微笑,1
闹钟官,1
体毛哨封号,1
漫游浅漠,1
narsil,1
qq710588160,1
sundae1,1
hlyx2015,1
千雪幻夕,1
一大碗茶几,1
TAIN91,1
寫愛,1
lnfssongyu,1
哼你这只羊驼,1
取名真TM烦,1
活在梦里的胖子,1
陌小凡0.0,1
天国的随机君,1
五更桐叶,1
Ezkiel,1
藤子萧,1
KINKI5891,1
1140617464,1
ヤ.心心相恋,1
QCO3K1dT,1
loap15999,1
不要送花给我,1
冰artemis,1
jzy001,1
又双叒给抹布了,1
周杰伦的爸爸,1
我是谁12,1
MyNameIs,1
天空蓝006,1
qq779308859,1
疯狂的老南瓜,1
闸总,1
ws741258,1
小嘴抹了蜜,1
小嘞檬,1
zjddp,1
132607404,1
能干的千千,1
七七七七神,1
伊原摩耶花,1
一纸懿书,1
Maskerade,1
cctv0024,1
阳光琉璃碎,1
会飞的面包,1
叶焚,1
沼泽里的咸鱼,1
打碟音,1
Zzz_Zzz,1
天芊之心,1
茉莉酱,1
沐香若微,1
854371442,1
CNKI,1
沐月,1
帝幽悠,1
卷积神经网络,1
hnyyszc,1
五呵,1
Dear曾经,1
46464646大哥大,1
祈愿の花火,1
熊日狼,1
姬ス,1
你算个机吧,1
po69123,1
止戈为舞,1
秋风烧洛叶,1
Ding54853795,1
黑月之蚀,1
kid12345,1
赢是一种艺术,1
要命的冲动,1
a4326ssfdf,1
说什么不可能,1
革月年华,1
386旅独立团,1
roking111,1
quanxin80,1
每天快乐四加三,1
qiangewudi,1
灬明天,1
miuler,1
qwddwq,1
望向z,1
fg852852852,1
海東,1
夕若流年,1
凉心.,1
倾世温柔丶,1
hayden81,1
673923953,1
skyqq530,1
dsadsa654654,1
音みく,1
茶茶ゝ,1
wang985072919,1
csl4218,1
ZHJGHSHLW,1
a821619079,1
和平的象征,1
马克思·克莱因,1
渡真殿主,1
、血之哀,1
iljcvm,1
长亭听风雨,1
哭的歇斯底里ゝ,1
骑士666,1
mzzyw,1
harbour197,1
takamays1988,1
z2665968,1
碎碎念,1
矢澤にこ,1
ppzz229,1
levelup,1
Phosphor,1
君の高町奈叶,1
HgAu1,1
暴躁大兄弟,1
那一枚四改,1
scsjiana,1
40589091,1
水卷卷,1
Katerina1123,1
狩野浩,1
一个人的灰烬,1
大神明,1
mizu,1
wgcs00001,1
Terminus_Est,1
funny1,1
镜の霧封,1
gba778899,1
五十岚哀川,1
jiangyon9,1
一头柿子,1
吃什么饭啊,1
coolaohj,1
153603165,1
离离离离不开,1
Zidder,1
鬼泣FOUR,1
红莲の修罗神,1
平地起波澜,1
jsxjsxjsx,1
Yokon233,1
zhengwen,1
熬干灯儿,1
丷好哆鱼,1
脸斗士1412,1
ZZCMJ,1
梅灬梅,1
yoshikuni,1
苜绾,1
福一惟飘,1
小后生,1
武战神,1
白水泉,1
weisuomao,1
梅花°J,1
随和的咔卡,1
asd2410959887,1
ljjlove1900,1
未闻椎名,1
sdhzmmt,1
夜ぜ苍茫,1
七浂,1
a79112,1
暝月,1
B1n9g,1
KIRA0528,1
变形大黄蜂,1
muuuu,1
nemonano1987,1
瓦萨,1
jin1351146,1
光头的老二,1
光锥,1
h29592,1
路遥知玛丽,1
黑衣剑士桐人,1
101012253,1
起音流歌,1
冷却咖啡丶,1
　轻笑,1
Jakerobbins,1
SP丶E,1
风华绝世亦独立,1
纯白诗篇,1
chonglaosan,1
岁月如歌黑夜瞳,1
染血的战神,1
永恒白,1
t389938209,1
我不管我要滑稽,1
paradox1978,1
zmyixi03,1
让专业的来,1
Zarado,1
明天的自己,1
Misup,1
男人数学不能差,1
wangkeyi222,1
Sanjed,1
4711775,1
朴孝敏,1
安澈尘,1
極武之魂,1
勤而行之,1
xlaoqlang,1
采男孩的小蘑菇,1
100232214,1
wa842657156,1
枕碧流,1
ULTRANEXUS丶,1
】神经病【ァ,1
wudi349,1
守护最美的芝士大小姐,1
zhang064040,1
千夜菲雪,1
1029737528,1
麻花麻瓜,1
爱喝冰红茶,1
谜恋,1
pigsmallbear,1
不充电的勇士,1
寒月123,1
里鬼狂魔Ww,1
qq2889878942,1
离开的树叶,1
fulu1995925,1
不存在的灵魂,1
王大妈灬,1
情断殇莫离,1
1066599205,1
想X你,1
萃香,1
卡恰,1
黑色圆舞曲,1
我妻由乃ぅ,1
抖腿的日常,1
逐风者卡伦,1
迷幻的沙漠,1
咩啊~,1
tewujj,1
丧失暴龙,1
lyghuayu,1
我开始慌了,1
loveyou44524,1
S22541,1
刷图穿板甲,1
呆B仔,1
杜思倪,1
以往的不在,1
烟花飘过,1
低端黑,1
追风萧萧,1
曾狮虎,1
sinaamos123,1
嗜血狂龍,1
萌新iii,1
kangjia,1
不用手机,1
林大猫,1
七岁月的葱葱,1
唐吉诃德·多弗朗明哥,1
時之歌,1
PVP其乐无穷,1
xwl1269035311,1
世界の果て,1
极限反重力,1
周芬,1
我爱吃菠萝,1
wjl55513256,1
skychoooooooou,1
伊斯塔萝莉,1
NP落月,1
迪奥·布兰度　　,1
我有半卷书,1
GentleSS,1
没什么感觉,1
地狱叔,1
int　lee,1
Kuki_lina,1
枫叶锅盖,1
chen_3108,1
我下面给你吃,1
青苋あい,1
遂火ZJ,1
皇德耀世丶,1
monk2005,1
宇倩,1
月球魔术,1
柚子泡饭,1
player922,1
tan6522046,1
a65641132,1
as562616,1
黑夜瞳,1
拼个团都被西,1
黑渊白花,1
c953802816,1
萌萌召唤师,1
Discuz_D,1
godenel,1
QQ群啊啊啊,1
xuexin123,1
我很淫荡,1
cnlzn,1
archangel,1
是的护肤阿克,1
以金制棟,1
北白川玉子、,1
LYZLYZ,1
wdd006,1
TP。6,1
maggiecxcx,1
蒸汽姬,1
qhx521,1
残缺的流年,1
jr1024,1
7778881,1
s5253998,1
味道那么棒的水,1
月美琪的老公,1
asiacarqueen,1
指尖微凉ヽ,1
约汉桑,1
岭南张五,1
侯岩杰,1
南方岛屿の二牛桑,1
lzzwh2,1
qinruguonihai,1
BOOO,1
明了,1
青梧,1
luoxiansen97,1
西卡罗,1
MAGAreimu,1
一觉醒来べ,1
Barret,1
chen1123207642,1
逝樱，雨,1
Syrinx,1
我来看隐藏,1
一叶知秋qiu,1
1196596,1
薰風岑寂,1
q348029630,1
胖鱼头,1
锦绣琉璃,1
缘夜流月,1
小布布丶,1
蛛网,1
ちぃ,1
themental,1
大香蕉丶,1
van游戏顺心意,1
御坂小美琴,1
ls2322057,1
大御巫,1
bestcyw365,1
qw12aa,1
hoperrr,1
挽月,1
洩矢·诹访子,1
lishina,1
543545ssd分哥哥,1
异地登录被冻结,1
sol1,1
bailsw,1
武神貞德,1
党员同志,1
rocomans,1
markstwo,1
2139635zt,1
samlaw,1
莫有运气,1
duoduo1218,1
梁筱,1
zc5862,1
21212121322,1
波卡帕马,1
屋檐听雨丶,1
如此美！CO,1
linlinlij,1
YY魔,1
colg_lwp,1
CrystalClearCLC,1
1234-,1
ccchen、,1
月影独酌,1
zf19870718,1
灰狼sama,1
哔弟弟,1
dqn0000,1
聂枞,1
qinhuihui123,1
轻轻灯火,1
简素言c,1
拢风,1
sd27884310,1
Kingcraft,1
我可能是非酋吧,1
江湖人称徐老板,1
Akasha丶,1
丶凉酒︶,1
昔歌,1
千叶的琉璃殿下,1
霜林醉,1
围观群众1号,1
暁美 ほむら,1
kidd2023,1
Eriri丶,1
南瓜大叔,1
Qiming670,1
qscfesc,1
网络就是个坑...,1
asd133823,1
f01100,1
轻音少年,1
niutianbao12345,1
OPAI,1
MageMosquito,1
775229836,1
轻语丶丶,1
谷神不死,1
askaxiu,1
瀧川sawaki,1
tjhhhhgf,1
酱酸菜,1
RoJim,1
Vanaer,1
custqqy,1
殘湮,1
冰枫大道,1
就叫猫君吧,1
筷子呀,1
许卿以佳人,1
随遇而安漾,1
欢喜以久,1
MonsTerTY,1
無丶欲,1
杨天纵00,1
沃特碧们的小号,1
橙色し,1
龙枝荔汁,1
星耀,1
Remorse,1
火鸡Qian97,1
bl520,1
rrrrR闪,1
ken8361,1
偷车窃瓦格拉,1
顾余笑,1
猫咪爱上了水,1
北方有佳人VS,1
wlozz,1
彩色牛牛,1
音洛羽,1
亡灵法骑,1
雪拉没有比,1
三船美優,1
思想家季明樱,1
nimabimahuateng,1
万花镜镜,1
绀野纯子,1
5326886,1
bice丶,1
yanhongye12,1
後觉、,1
绿光波比侠,1
HakureiMage,1
大红神,1
输出靠DJ,1
森森光,1
baiduke1,1
我就是要打来福,1
yaoyi1100,1
请叫我包拯,1
24552688,1
TED神,1
血魂星光,1
浅唱い離,1
你名我命,1
濑户灿,1
hy421716920,1
286595176,1
869510851,1
索菲☆布兰度,1
dante1184,1
saigyoujiyuyuko,1
为你动心,1
fjskljflsjfls,1
炽灭,1
我要看攻略,1
艾尔之源,1
点草,1
两哈皮,1
话清欢,1
tangbo,1
划得来,1
ㄨ残々心ㄩ√,1
8wy174168,1
rsdssb,1
爨爨爨爨,1
疾风罗凝,1
芙蕾雅薇恩D,1
假sir,1
seiu0910,1
怒海观怒澜,1
qiushuang58,1
电动亚当,1
粉红色的惩戒,1
Reidar,1
剑影中的致命,1
nothing_a,1
2012是很难,1
人觉丨非常君,1
漆黑沙包,1
村纱封兽,1
妖の目,1
吃饭侠,1
默默的酱油,1
正义铁锤,1
饶利ai,1
语茶语茶,1
 神丶,1
845901802,1
Vacancy,1
光速尼玛,1
风霜雪剑,1
lycoris000,1
境界の彼方,1
annawen,1
迪诺の星之海洋,1
linruihan,1
czx19920818,1
只愿随心而动,1
灵犀1120,1
ax120,1
不想起名字丶,1
v243217775,1
kent509,1
赤夜,1
ASDSDF21,1
Q都能Q歪,1
释魂,1
破界王MKII,1
845525,1
亿万年的星光天下第一,1
伴侣不加咖啡,1
我爱玩王小妹,1
夜凯,1
纯情女高中生,1
pierceboy,1
回府,1
亦晓寒,1
打了个喷嚏,1
魂丢了,1
丧尽天良巴耶克,1
cwwczlp,1
入梦落樱满薰香,1
309634679,1
交个朋友吧,1
齐格小飞,1
舞者,1
哒哒哒1111,1
尘世醉人心,1
魔血丶,1
bigcarl04,1
Shy_di,1
晚侠,1
菜鸟也牛叉,1
sars571,1
画风画云,1
Savlin,1
何时能超脱,1
兔斯鸭,1
香水、,1
dajzkkd,1
noi,1
好大一只咩,1
小洋葱。,1
三月梨花雪,1
loveklmn3,1
蓝绿冰,1
小娜嫁唐,1
LOSEEE,1
秀秀真可爱,1
b2boomer,1
傻白网友说鸡掰,1
低语细呢喃ii,1
冰雕兔子,1
KingY.,1
无聊看看鸭,1
逐风XY,1
2203228,1
钻心奶子,1
紫色叶恋梦,1
白铁呀,1
fucddcker,1
L.Talented,1
a346868991,1
sunzivv11,1
雪雪111,1
Ryanryan0728,1
(=@__@=),1
leedee123,1
紺野純子,1
ljz6666,1
冥月女神,1
二十一岁半,1
纸鸢无梦,1
三世凛,1
aron,1
雪月花ぺ,1
奥利奥利奥,1
乜魂、,1
zumwhol,1
发·条,1
月夜独酌,1
小脑残,1
yechong2,1
dw000002,1
lemon3161197,1
黑色阿修罗,1
真油腻呀,1
小流年,1
乱撒3千,1
laintime1989,1
 蛋疼星,1
漫漫飞,1
a12564,1
枕梦梦ii,1
小有爱,1
Never123,1
HaYa...,1
月MOON,1
7wuzhijing,1
风拳流の学姐,1
嘴臭来打v3,1
龙葵是兄控,1
5000T爱吃不吃,1
除尘要彻底,1
loo601401,1
kamihao,1
青刃的哀歌,1
梁天栋,1
qq1280169652,1
萌萌哒君莫笑,1
菜包1,1
夏成龙11111,1
一只路过的宗妹,1
NeverSayDie,1
JoeOtaku,1
386住在301,1
smlieangle,1
KiR.ei,1
九厥,1
llong123,1
羽少歌,1
古的耐,1
yyykjj,1
天使FLY,1
Coding,1
折戟沉沙pzw,1
⑦星↓落夜,1
剑非道,1
神必东方力量,1
Jimme,1
yfxlili,1
mrrwlrwl,1
39156543,1
马口菠萝,1
a8658723,1
约会呦,1
阿雷就是我啦,1
にっぼん万歳,1
Aerdeo,1
风无力,1
菊花怪311,1
时缟晴人,1
a1372000a,1
xuyang110,1
榕树下的李子,1
水木剧弩,1
暮色审判,1
死亡闪电,1
、乌鸦铃,1
罪藏劫,1
god;father,1
764359306,1
小魂酱,1
天堂的喷泉,1
cccoa,1
q7875706,1
q635594428,1
xzf8971,1
gty233,1
陈哈哈额,1
_LYS,1
曦曦曦曦曦夜ii,1
夏遇蝉,1
終物語,1
莉姆露,1
909486368,1
yutus,1
往事如风丶0920,1
（●─●）,1
DWBZSLJ,1
弥生沐丶,1
天然呆的LOLI,1
Lucky旗,1
nh13Tang,1
洲789,1
Fruit丶荔枝,1
刀剑神迹,1
Sophism,1
等一个人咖啡,1
W诛仙,1
木木~.,1
秋菊酱酱,1
小卖不大妈,1
